{"cameraMode":{"drawMode":0,"name":"Shaded","section":"Shading Mode"},"sceneLighting":true,"audioPlay":false,"sceneViewState":{"showFog":true,"showMaterialUpdate":false,"showSkybox":false,"showFlares":true,"showImageEffects":true,"showParticleSystems":true},"in2DMode":false,"pivot":{"x":158.1182861328125,"y":14.125530242919922,"z":-121.33915710449219},"rotation":{"x":0.11139750480651856,"y":-0.17440326511859895,"z":0.019854674115777017,"w":0.9781513214111328},"size":164.5784912109375,"orthographic":false}