{"cameraMode":{"drawMode":0,"name":"Shaded","section":"Shading Mode"},"sceneLighting":true,"audioPlay":false,"sceneViewState":{"showFog":true,"showMaterialUpdate":false,"showSkybox":true,"showFlares":true,"showImageEffects":true,"showParticleSystems":true},"in2DMode":false,"pivot":{"x":-1.6277425289154053,"y":0.6400885581970215,"z":-2.5284547805786135},"rotation":{"x":0.16124576330184937,"y":0.02368348464369774,"z":-0.003870650427415967,"w":0.9866225123405457},"size":54.196353912353519,"orthographic":true}