{"cameraMode":{"drawMode":0,"name":"Shaded","section":"Shading Mode"},"sceneLighting":true,"audioPlay":false,"sceneViewState":{"showFog":true,"showMaterialUpdate":false,"showSkybox":true,"showFlares":true,"showImageEffects":true,"showParticleSystems":true},"in2DMode":false,"pivot":{"x":1.756149172782898,"y":0.4799081087112427,"z":-1.9634369611740113},"rotation":{"x":0.1050826832652092,"y":0.8904571533203125,"z":-0.2623350918292999,"w":0.35670268535614016},"size":10.25053882598877,"orthographic":false}