{"cameraMode":{"drawMode":0,"name":"Shaded","section":"Shading Mode"},"sceneLighting":true,"audioPlay":false,"sceneViewState":{"showFog":true,"showMaterialUpdate":false,"showSkybox":true,"showFlares":true,"showImageEffects":true,"showParticleSystems":true},"in2DMode":false,"pivot":{"x":-0.8240271806716919,"y":-0.8362453579902649,"z":4.439553737640381},"rotation":{"x":0.06799512356519699,"y":-0.260599821805954,"z":0.018402373418211938,"w":0.9628736972808838},"size":8.924678802490235,"orthographic":true}