{"cameraMode":{"drawMode":0,"name":"Shaded","section":"Shading Mode"},"sceneLighting":true,"audioPlay":false,"sceneViewState":{"showFog":true,"showMaterialUpdate":false,"showSkybox":true,"showFlares":true,"showImageEffects":true,"showParticleSystems":true},"in2DMode":false,"pivot":{"x":9.761125564575196,"y":1.4206268787384034,"z":-4.185606956481934},"rotation":{"x":-0.05002530664205551,"y":0.6062800884246826,"z":-0.038232170045375827,"w":-0.7927548289299011},"size":0.9724475741386414,"orthographic":false}