{"cameraMode":{"drawMode":0,"name":"Shaded","section":"Shading Mode"},"sceneLighting":true,"audioPlay":false,"sceneViewState":{"showFog":true,"showMaterialUpdate":false,"showSkybox":true,"showFlares":true,"showImageEffects":true,"showParticleSystems":true},"in2DMode":false,"pivot":{"x":10.084158897399903,"y":2.403428554534912,"z":-8.635598182678223},"rotation":{"x":0.1287536919116974,"y":-0.1587567925453186,"z":0.02088954672217369,"w":0.9786635637283325},"size":1.8842321634292603,"orthographic":false}