{"cameraMode":{"drawMode":0,"name":"Shaded","section":"Shading Mode"},"sceneLighting":true,"audioPlay":false,"sceneViewState":{"showFog":true,"showMaterialUpdate":false,"showSkybox":true,"showFlares":true,"showImageEffects":true,"showParticleSystems":true},"in2DMode":false,"pivot":{"x":1.756149172782898,"y":0.4799081087112427,"z":-1.9634369611740113},"rotation":{"x":0.10508202761411667,"y":0.8904515504837036,"z":-0.2623334228992462,"w":0.35670042037963869},"size":10.25053882598877,"orthographic":false}