{"cameraMode":{"drawMode":0,"name":"Shaded","section":"Shading Mode"},"sceneLighting":true,"audioPlay":false,"sceneViewState":{"showFog":true,"showMaterialUpdate":false,"showSkybox":true,"showFlares":true,"showImageEffects":true,"showParticleSystems":true},"in2DMode":false,"pivot":{"x":-154.97705078125,"y":-21.753204345703126,"z":-70.66574096679688},"rotation":{"x":0.3250698745250702,"y":0.2596316337585449,"z":-0.09332066029310227,"w":0.9045508503913879},"size":436.51947021484377,"orthographic":false}