{"cameraMode":{"drawMode":0,"name":"Shaded","section":"Shading Mode"},"sceneLighting":true,"audioPlay":false,"sceneViewState":{"showFog":true,"showMaterialUpdate":false,"showSkybox":true,"showFlares":true,"showImageEffects":true,"showParticleSystems":true},"in2DMode":false,"pivot":{"x":-13.880037307739258,"y":-8.823945045471192,"z":-27.331485748291017},"rotation":{"x":0.03552104905247688,"y":-0.9614608287811279,"z":0.15004462003707887,"w":0.22763539850711823},"size":34.74424362182617,"orthographic":false}