{"cameraMode":{"drawMode":0,"name":"Shaded","section":"Shading Mode"},"sceneLighting":true,"audioPlay":false,"sceneViewState":{"showFog":true,"showMaterialUpdate":false,"showSkybox":true,"showFlares":true,"showImageEffects":true,"showParticleSystems":true},"in2DMode":false,"pivot":{"x":9.40179443359375,"y":2.0299999713897707,"z":-4.888148784637451},"rotation":{"x":0.05319397523999214,"y":-0.7613983750343323,"z":0.06294320523738861,"w":0.6430250406265259},"size":6.958361625671387,"orthographic":false}