{"cameraMode":{"drawMode":0,"name":"Shaded","section":"Shading Mode"},"sceneLighting":true,"audioPlay":false,"sceneViewState":{"showFog":true,"showMaterialUpdate":false,"showSkybox":true,"showFlares":true,"showImageEffects":true,"showParticleSystems":true},"in2DMode":false,"pivot":{"x":13.247200012207032,"y":-30.85040283203125,"z":-11.465400695800782},"rotation":{"x":0.15416769683361054,"y":-0.8456569314002991,"z":0.3700715899467468,"w":0.35234028100967409},"size":606.7556762695313,"orthographic":false}