{"cameraMode":{"drawMode":0,"name":"Shaded","section":"Shading Mode"},"sceneLighting":true,"audioPlay":false,"sceneViewState":{"showFog":true,"showMaterialUpdate":false,"showSkybox":true,"showFlares":true,"showImageEffects":true,"showParticleSystems":true},"in2DMode":false,"pivot":{"x":5.121974945068359,"y":-2.204425811767578,"z":-51.39784240722656},"rotation":{"x":-0.0012430631322786213,"y":0.9986523389816284,"z":-0.028778623789548875,"w":-0.043169304728507999},"size":79.5645523071289,"orthographic":false}