{"cameraMode":{"drawMode":0,"name":"Shaded","section":"Shading Mode"},"sceneLighting":true,"audioPlay":false,"sceneViewState":{"showFog":true,"showMaterialUpdate":false,"showSkybox":true,"showFlares":true,"showImageEffects":true,"showParticleSystems":true},"in2DMode":false,"pivot":{"x":2.028158664703369,"y":1.620287299156189,"z":-9.10799789428711},"rotation":{"x":0.05631759390234947,"y":-0.7857600450515747,"z":0.07234900444746018,"w":0.611698567867279},"size":6.316190719604492,"orthographic":false}