{"cameraMode":{"drawMode":0,"name":"Shaded","section":"Shading Mode"},"sceneLighting":true,"audioPlay":false,"sceneViewState":{"showFog":true,"showMaterialUpdate":false,"showSkybox":true,"showFlares":true,"showImageEffects":true,"showParticleSystems":true},"in2DMode":false,"pivot":{"x":4.782551288604736,"y":0.05028700828552246,"z":-5.287661552429199},"rotation":{"x":-0.10747694969177246,"y":0.6488779783248901,"z":-0.09330525249242783,"w":-0.7474625706672669},"size":4.644972324371338,"orthographic":false}